nom,bucket,tier,score_total,valeur_apportee,proba_acceptation,adresse,cp,ville,telephone,site_url,cuisine,note_google,nb_avis,lighthouse_perf,lighthouse_seo,lighthouse_a11y,lighthouse_bp,lcp_s,cls,age_site_annees,gmb_completude,repond_avis,instagram_actif,mode_degrade,donnees_partielles,drapeau_rouge,mike_override,notes_mike
My kitchen,pas-de-site,A,84,82,86,,,Chartres,+33951476324,,turkish,4.8,334,,,,,,,,65,non mesuré,non détecté,non,non,aucun,,
Crêperie La Poële Percée,pas-de-site,A,82,81,83,7 Rue de la Poële Percée,28000,Chartres,+33237216070,,crepe,4.7,99,,,,,,,,65,non mesuré,non détecté,non,non,aucun,,
Big.B,pas-de-site,A,80,80,80,5 Place du Général de Gaulle,28000,Chartres,+33633888500,,burger,4.5,420,,,,,,,,65,non mesuré,non détecté,non,non,aucun,,
L'Ami Temps,pas-de-site,A,80,83,77,,,Chartres,,,,4.9,195,,,,,,,,65,non mesuré,non détecté,non,non,aucun,,
Yog & Eat,pas-de-site,A,80,83,76,,,Chartres,,,,4.6,561,,,,,,,,65,non mesuré,non détecté,non,non,aucun,,
Saint Michel,pas-de-site,A,80,83,77,,,Chartres,,,,5,162,,,,,,,,65,non mesuré,non détecté,non,non,aucun,,
Aux Comptoirs,pas-de-site,A,79,83,75,,,Chartres,,,seafood,4.6,228,,,,,,,,45,non mesuré,non détecté,non,non,aucun,,
Café Marceau,pas-de-site,A,79,83,74,,,Chartres,,,,4.8,72,,,,,,,,65,non mesuré,non détecté,non,non,aucun,,
Chez Tonton,pas-de-site,A,79,82,74,,,Chartres,,,chicken sandwich,5,60,,,,,,,,65,non mesuré,non détecté,non,non,aucun,,
Le BarDePoch',pas-de-site,A,79,81,76,,,Chartres,,,,4.7,412,,,,,,,,65,non mesuré,non détecté,non,non,aucun,,
Le Comptoir De Sarah,pas-de-site,A,79,81,76,,,Chartres,,,,4.7,414,,,,,,,,65,non mesuré,non détecté,non,non,aucun,,
Mésopotamie,pas-de-site,A,79,81,76,,,Chartres,,,kebab,4.7,360,,,,,,,,65,non mesuré,non détecté,non,non,aucun,,
L'Académie de la Bière,pas-de-site,A,78,78,78,8 Rue du Cheval Blanc,28000,Chartres,+33237369007,,,4.5,394,,,,,,,,45,non mesuré,non détecté,non,non,aucun,,
Chat caféiné,pas-de-site,A,78,82,73,,,Chartres,,,coffee_shop,4.9,50,,,,,,,,65,non mesuré,non détecté,non,non,aucun,,
Boba Choc,pas-de-site,A,78,80,75,,,Chartres,,,bubble_tea,4.8,162,,,,,,,,65,non mesuré,non détecté,non,non,aucun,,
Aux Délices Chez Jade,pas-de-site,A,77,79,75,3 Rue de la Pie,28000,Chartres,+33982486215,,chinese,4.4,117,,,,,,,,65,non mesuré,non détecté,non,non,aucun,,
Le Saint-Vincent,pas-de-site,A,77,82,71,,,Chartres,,,,4.6,54,,,,,,,,15,non mesuré,non détecté,non,non,aucun,,
Les 4T,pas-de-site,A,77,80,73,,,Chartres,,,,4.9,81,,,,,,,,65,non mesuré,non détecté,non,non,aucun,,
Le XV,pas-de-site,A,77,80,73,,,Chartres,,,,4.9,81,,,,,,,,65,non mesuré,non détecté,non,non,aucun,,
Lunch'Bar,pas-de-site,A,77,80,73,,,Chartres,,,sandwich,4.9,81,,,,,,,,65,non mesuré,non détecté,non,non,aucun,,
Le 10,pas-de-site,A,77,80,73,1 Parc de l'Equerre,28630,Gellainville,,,,4.9,81,,,,,,,,65,non mesuré,non détecté,non,non,aucun,,
18CTea,pas-de-site,A,77,80,73,,,Chartres,,,bubble_tea,4.7,78,,,,,,,,65,non mesuré,non détecté,non,non,aucun,,
O'LAC,pas-de-site,A,76,82,70,,,Chartres,,,,4.4,336,,,,,,,,65,non mesuré,non détecté,non,non,aucun,,
L'Entre-potes,pas-de-site,A,76,81,69,,,Chartres,,,,4.9,10,,,,,,,,35,non mesuré,non détecté,non,non,aucun,,
Nouvel Orient,pas-de-site,A,76,81,69,,,Chartres,,,asian,4.5,67,,,,,,,,35,non mesuré,non détecté,non,non,aucun,,
L'Epsilon,pas-de-site,A,76,81,69,,,Chartres,,,,4.5,72,,,,,,,,45,non mesuré,non détecté,non,non,aucun,,
Bar Tabac au Pacha,pas-de-site,A,76,81,70,,,Chartres,,,,4.5,96,,,,,,,,35,non mesuré,non détecté,non,non,aucun,,
La Couscoussière,pas-de-site,A,76,80,72,,,Chartres,,,kebab,4.6,150,,,,,,,,65,non mesuré,non détecté,non,non,aucun,,
Lichette,pas-de-site,A,76,80,72,,,Chartres,,,french,4.7,75,,,,,,,,65,non mesuré,non détecté,non,non,aucun,,
Al-Badea,pas-de-site,A,76,80,72,9 Rue de la Porte Cendreuse,,Chartres,,,,4.6,150,,,,,,,,65,non mesuré,non détecté,non,non,aucun,,
Bob's Foodcourt,pas-de-site,A,76,79,71,13 Rue des Pierres Missigault,28630,Barjouville,,,,4.5,1851,,,,,,,,65,non mesuré,non détecté,non,non,aucun,,
Le Maunoury,pas-de-site,A,75,81,68,,,Chartres,,,,4.4,158,,,,,,,,65,non mesuré,non détecté,non,non,aucun,,
Villa Toscane,pas-de-site,A,75,79,71,,,Chartres,,,italian,4.5,282,,,,,,,,65,non mesuré,non détecté,non,non,aucun,,
French & chic,pas-de-site,A,75,79,69,,,Chartres,,,,4.5,184,,,,,,,,65,non mesuré,non détecté,non,non,aucun,,
Artipik,pas-de-site,B,74,81,67,,,Chartres,,,,4.3,255,,,,,,,,45,non mesuré,non détecté,non,non,aucun,,
O'Relais,pas-de-site,B,73,76,70,42Bis Avenue d'Orléan,28000,Chartres,+33 2 37 25 88 88,,french,4.2,1288,,,,,,,,65,non mesuré,non détecté,non,non,aucun,,
Le Papooze,pas-de-site,B,73,76,70,7 Rue Denis Poisson,,Chartres,+332 37 33 73 60,,,4.2,381,,,,,,,,65,non mesuré,non détecté,non,non,aucun,,
Festin d'Asie,pas-de-site,B,73,80,64,,,Chartres,,,chinese,4.2,2409,,,,,,,,65,non mesuré,non détecté,non,non,aucun,,
Le Saloon,pas-de-site,B,73,80,64,,,Chartres,,,,5,1,,,,,,,,35,non mesuré,non détecté,non,non,aucun,,
Brasserie de la Préfecture,pas-de-site,B,72,80,62,,,Chartres,,,coffee_shop,4.2,128,,,,,,,,45,non mesuré,non détecté,non,non,aucun,,
Le comptoir de la mairie,pas-de-site,B,72,80,63,,,Chartres,,,,4.2,200,,,,,,,,65,non mesuré,non détecté,non,non,aucun,,
La Table Du Marché,pas-de-site,B,72,80,62,,,Chartres,,,,4.1,615,,,,,,,,65,non mesuré,non détecté,non,non,aucun,,
Babylone,pas-de-site,B,72,78,65,,,Chartres,,,kebab,4.3,667,,,,,,,,65,non mesuré,non détecté,non,non,aucun,,
Pizza Berllardi,pas-de-site,B,71,79,60,,,Chartres,,,pizza,4.2,65,,,,,,,,65,non mesuré,non détecté,non,non,aucun,,
Speed Rabbit Pizza,pas-de-site,B,71,79,60,,,Chartres,,,pizza,4.2,65,,,,,,,,65,non mesuré,non détecté,non,non,aucun,,
L’Erfood,pas-de-site,B,71,79,61,29 Rue du Maréchal Leclerc,,Chartres,,,sandwich,4.2,78,,,,,,,,45,non mesuré,non détecté,non,non,aucun,,
O'Pizza Dwich,pas-de-site,B,71,78,62,,,Chartres,,,pizzeria,4.2,452,,,,,,,,65,non mesuré,non détecté,non,non,aucun,,
La Brochet' du Sud,autre-site,B,70,59,84,8 Cloître Notre-Dame,28000,Chartres,+33237223289,https://cmdlv9.wixsite.com/labrochetdusud,french,4.7,338,86,45,91,96,3.8210833007973815,0,4.4,45,non mesuré,non détecté,non,non,aucun,,
Le Plaza Bar Live,pas-de-site,B,70,75,64,33b Rue des Pierres Missigault,28630,Barjouville,+33 2 36 67 21 28,,,3.9,372,,,,,,,,65,non mesuré,non détecté,non,non,aucun,,
Kebab Express,pas-de-site,B,70,79,58,,,Chartres,,,kebab,4,227,,,,,,,,65,non mesuré,non détecté,non,non,aucun,,
Le Maryland,pas-de-site,B,70,77,62,,,Chartres,,,,4.2,222,,,,,,,,65,non mesuré,non détecté,non,non,aucun,,
L'Estaminet,pas-de-site,B,69,79,58,,,Chartres,,,,3.9,218,,,,,,,,45,non mesuré,non détecté,non,non,aucun,,
Street food,pas-de-site,B,69,78,57,,,Chartres,,,,3.5,125,,,,,,,,65,non mesuré,non détecté,non,non,aucun,,
Wok d'Asie,autre-site,B,68,62,76,30 Rue des Pierres Missigault,28630,Barjouville,+33 2 37 28 88 88,https://restaurantwokdasie.wixsite.com/wok-dasie,chinese,4.4,5371,41,100,99,73,13.0,0.014,0.5,65,non mesuré,non détecté,non,non,aucun,,
Le Khedive,pas-de-site,B,68,78,56,,,Chartres,,,,3.2,97,,,,,,,,35,non mesuré,non détecté,non,non,Note Google basse : sujet sensible  ne pas aborder frontalement.,,
Le Week-End,pas-de-site,B,68,78,56,,,Chartres,,,,3.7,122,,,,,,,,65,non mesuré,non détecté,non,non,aucun,,
La Civette,pas-de-site,B,67,76,56,,,Chartres,,,,3.9,210,,,,,,,,65,non mesuré,non détecté,non,non,aucun,,
Le Jehan,pas-de-site,B,66,77,52,,,Chartres,,,,3.8,24,,,,,,,,45,non mesuré,non détecté,non,non,aucun,,
La Casa Tropical,eatbu,C,64,49,82,8 Rue de la Porte Cendreuse,28000,Chartres,+33 2 37245611,https://lacasatropical.eatbu.com/?lang=fr,,4.4,422,42,92,82,77,10.209339018960625,0.5040730000000001,,85,non mesuré,non détecté,non,non,aucun,,
Brasserie Le Repère,eatbu,C,64,44,88,33f Rue des Pierres Missigault,28630,Barjouville,+33 2 46 56 96 70,https://le-repere-barjouville.eatbu.com/,,4.7,91,60,92,83,77,11.9,0.0,,65,non mesuré,non détecté,non,non,aucun,,
Dwichee's,pas-de-site,C,64,77,50,,,Chartres,,,kebab,3,9,,,,,,,,15,non mesuré,non détecté,non,non,Note Google basse : sujet sensible  ne pas aborder frontalement.,,
Le Georges,autre-site,C,63,47,83,,,Chartres,+33237181501,https://www.bw-grand-monarque.com/,,4.8,290,29,92,75,100,26.94837197902582,1.371645,,65,non mesuré,non détecté,non,non,aucun,,
Pizza Cosy,autre-site,C,63,46,84,1bis Place du Général de Gaulle,,Chartres,+33 2 42 25 01 60,https://www.pizzacosy.fr/,pizza,4.8,914,42,85,96,100,11.496288903132836,0,9.6,65,non mesuré,non détecté,non,non,aucun,,
Jungle Café,eatbu,C,61,56,68,,,Chartres,,https://le-jungle-cafe.eatbu.com/,,4.1,382,43,92,83,73,8.6,0.502,1.1,65,non mesuré,non détecté,non,non,aucun,,
Saveurs & Plaisirs,autre-site,C,61,55,69,,,Chartres,,http://les-plaisirs-tropikal.sumup.link/,,4.9,39,57,92,91,81,20.9,0.107,,65,non mesuré,non détecté,non,non,aucun,,
Unyc Brasserie,autre-site,C,61,46,79,33C Rue des Pierres Missigault,28630,Barjouville,+33 2 37 34 54 89,https://www.unycbrasserie.com/,brasserie,4.6,1809,49,100,93,100,9.002753803336061,0.000161,3.2,65,non mesuré,non détecté,non,non,aucun,,
Cobalt,autre-site,C,61,45,82,1 Rue Fulbert,28000,Chartres,+33 2 37 27 80 33,https://www.cobalt-chartres.com/,,4.7,846,34,85,82,96,12.754684251209257,0.160544,3.7,65,non mesuré,non détecté,non,non,aucun,,
Le Montescot,autre-site,C,60,53,68,,,Chartres,,https://cafe-montescot.grubkit.fr/,,4.4,622,100,40,84,96,1.0,0,2.0,65,non mesuré,non détecté,non,non,aucun,,
Aux Vieux Garçons,autre-site,C,60,51,71,,,Chartres,,https://auxvieuxgarcons.fr/,,4.6,532,50,66,93,69,15.5,0.277,4.5,65,non mesuré,non détecté,non,non,aucun,,
Le Chêne Fleuri,autre-site,C,60,49,73,,,Chartres,+33237352570,http://www.lechenefleuri.net/,,4.5,105,39,100,99,56,20.9,0,1.7,45,non mesuré,non détecté,non,non,aucun,,
Brasserie La Cour,autre-site,C,60,43,81,22 Place des Épars,,Chartres,+33 2 37 18 15 07,https://www.grand-monarque.com/fr/restaurants-bar/brasserie-la-cour.html,,4.6,1823,28,100,83,100,25.596498273527935,0.406012,,65,non mesuré,non détecté,non,non,aucun,,
Le 21,eatbu,C,60,42,82,,,Chartres,,https://le-21.eatbu.com/?lang=fr,french,4.8,335,63,92,90,77,12.6,0,,65,non mesuré,non détecté,non,non,aucun,,
Le Très Superbe,autre-site,C,60,42,81,6 Rue de la Volaille,28000,Chartres,+33 9 54 34 62 30,https://www.le-tres-superbe.fr/,tea,4.8,233,52,100,78,96,9.3,0.022,,65,non mesuré,non détecté,non,non,aucun,,
L'isola,eatbu,C,60,40,84,,,Chartres,,https://l-isola-chartres.eatbu.com/,pizza,4.7,387,70,92,82,77,15.6,0.004,,65,non mesuré,non détecté,non,non,aucun,,
Chai Laurent,eatbu,C,60,39,86,2 Rue de la Clouterie,28000,Chartres,+33 2 37 21 17 67,https://chailaurent.eatbu.com/,french,4.6,106,68,92,85,77,9.0,0,,65,non mesuré,non détecté,non,non,aucun,,
Le Madrigal,autre-site,C,59,44,78,22 Place des Épars,,Chartres,+33 2 37 18 15 07,https://www.grand-monarque.com/fr/restaurants-bar/bar-lounge-le-madrigal.html,,4.5,468,23,92,83,100,60.13729537814175,1.4067209999999999,,65,non mesuré,non détecté,non,non,aucun,,
Les 3 Lys,autre-site,C,59,56,63,,,Chartres,,http://www.creperie-chartres.fr/,crepe,4.4,803,,,,,,,,85,non mesuré,non détecté,oui,non,aucun,,
Le Tripot,autre-site,C,58,44,76,,,Chartres,,https://letripot.wixsite.com/chartres,french,4.7,540,72,100,94,73,10.3,0.0,9.1,85,non mesuré,non détecté,non,non,aucun,,
Cabanoniers Bar à Pétanques,autre-site,C,58,38,82,12 Allée Prométhée,28000,Chartres,+33 2 37 28 34 41,https://www.cabanoniers.fr/,,4.8,208,57,100,87,73,14.4,0.01,,65,non mesuré,non détecté,non,non,aucun,,
Mon Paris IV !,autre-site,C,58,44,76,2 Rue Montescot,28000,Chartres,+33237272802,https://mon-paris-iv-restaurant-chartres.fr/fr,brasserie,4.6,327,,,,,,,1.9,65,non mesuré,non détecté,oui,oui,aucun,,
Le Medieval,autre-site,C,57,43,74,Rue Saint-Pierre,28000,Chartres,,http://restaurant-le-medieval.fr/,,4.7,478,57,92,95,81,8.9,0.046,8.2,65,non mesuré,non détecté,non,non,aucun,,
L'Hôtel,autre-site,C,56,47,68,,,Chartres,,https://www.grand-monarque.com/fr/,,4.4,874,16,92,75,100,24.3,1.375,,45,non mesuré,non détecté,non,non,aucun,,
Hôtel du préfet,autre-site,C,56,47,68,,,Chartres,,https://www.grand-monarque.com/fr/,,4.4,874,20,92,75,100,29.6,1.377,4.5,45,non mesuré,non détecté,non,non,aucun,,
L'Amphitryon,autre-site,C,56,42,73,,,Chartres,,http://www.leboeufcouronne.com/,,4.6,2216,30,82,85,37,38.2,0.062,,85,non mesuré,non détecté,non,non,aucun,,
B-Chef,autre-site,C,56,41,73,,,Chartres,+33 2 37 27 08 41,https://bchef.fr/les-restaurants-bchef/bchef-chartres-place-du-cygne/,,4.4,561,39,100,87,100,16.204162839712197,0.037085,4.9,65,non mesuré,non détecté,non,non,aucun,,
Le Comptoir de Mamie  Bigoude,autre-site,C,55,47,66,Place du Cygne,28000,Chartres,,http://www.comptoirmamiebigoude.com/,crepe,4.4,725,57,85,73,78,10.9,0,6.8,65,non mesuré,non détecté,non,non,aucun,,
Le Shalimar,eatbu,C,55,45,67,,,Chartres,,http://leshalimar-chartres.eatbu.com/,indian,4.4,1035,58,92,90,59,20.7,0.0,0.2,85,non mesuré,non détecté,non,non,Site très récent (<6 mois) : vient d'investir. Ne pas visiter avant 12 mois.,,
La Petite Venise,autre-site,C,55,43,70,,,Chartres,,https://www.laguinguettedechartres.fr/,,4.5,1397,52,85,81,100,14.0,0.184,10.2,65,non mesuré,non détecté,non,non,aucun,,
Brasserie de l'ouest,autre-site,C,55,40,73,,,Chartres,+33237210745,https://brasseriedelouest.wixsite.com/brasseriedelouest28,,4.2,249,62,92,100,77,6.7,0.017,,65,non mesuré,non détecté,non,non,aucun,,
Le Rustic,autre-site,D,54,42,68,,,Chartres,,https://www.barlerustic.com/,,4.5,284,53,100,82,96,7.4,0.005,2.0,65,non mesuré,non détecté,non,non,aucun,,
Dawat,autre-site,D,54,37,76,,,Chartres,,https://restaurantdawat.fr/,indian,4.7,279,56,92,91,96,10.0,0.004,1.4,65,non mesuré,non détecté,non,non,aucun,,
Piperno,autre-site,D,53,41,68,,,Chartres,+33 2 52 56 42 07,https://piperno.fr,pizza,4.2,538,59,92,79,96,10.651973660656427,0,5.2,65,non mesuré,non détecté,non,non,aucun,,
Les Feuillantines,autre-site,D,53,38,71,,,Chartres,,http://restaurantlesfeuillantines.fr/,french,4.6,850,26,100,86,59,8.3,2.459,1.1,85,non mesuré,non détecté,non,non,aucun,,
Le Moulin de Ponceau,autre-site,D,53,36,73,,,Chartres,,https://www.restaurant-moulin-ponceau.fr/,,4.6,1210,57,100,79,100,25.131435056130563,0.066475,,85,non mesuré,non détecté,non,non,aucun,,
Le Kiosque à Pizzas,autre-site,D,53,36,74,30 Rue du Bois Musquet,28300,Champhol,+33 2 37 99 78 67,https://www.le-kiosque-a-pizzas.com/commander-pizza/pizza-champhol-449-0.html,pizza,4.5,124,46,100,96,100,5.6,0.028,10.0,85,non mesuré,non détecté,non,non,aucun,,
Novotel Café,autre-site,D,53,51,55,5 ter Avenue Marcel Proust,28000,Chartres,+33 2 37 88 13 50,https://restaurantsandbars.accor.com/fr/restaurant/0413_R001,,3.5,40,30,100,88,100,18.9,0.011,2.7,65,non mesuré,non détecté,non,non,aucun,,
King Wok,autre-site,D,52,44,62,16 Rue Jean Perrin,,Luisant,+33237283374,https://www.kingwok.fr/,wok chinese,3.8,247,56,91,82,100,18.40988152535854,0,,45,non mesuré,non détecté,non,non,aucun,,
La Picoterie,autre-site,D,52,43,61,,,Chartres,,http://www.picoterie.com/,crepe,4.3,1647,56,92,74,30,12.2,0,,85,non mesuré,non détecté,non,non,aucun,,
Anamour kebab,autre-site,D,52,43,62,,,Chartres,,https://anamour-restaurant-luce.order.dish.co/contact,kebab,4.6,300,68,83,91,73,5.8,0,,65,non mesuré,non détecté,non,non,aucun,,
Hot Chef,autre-site,D,52,41,66,,,Chartres,,https://bchef.fr/restaurants_bchef/bchef-chartres/burgers_chartres/?utm_source=google&utm_medium=organic&utm_campaign=mybusiness-website,,4.4,561,44,100,87,100,6.6,0.015,,65,non mesuré,non détecté,non,non,aucun,,
Maleyssie,autre-site,D,52,41,65,,,Chartres,,https://www.maleyssie-chartres.fr/,,4.3,306,49,100,84,100,14.3,0,1.4,65,non mesuré,non détecté,non,non,aucun,,
Café Bleu,autre-site,D,52,36,70,1 Cloître Notre-Dame,28000,Chartres,,http://www.cafebleu-chartres.com/,french,4.5,2197,52,77,88,81,11.7,0.192,,85,non mesuré,non détecté,non,non,aucun,,
Le Parvis,autre-site,D,51,48,54,,,Chartres,,https://www.le-parvis-chartres.fr/,french,4.1,162,36,92,75,81,15.0,0.001,,65,non mesuré,non détecté,non,non,aucun,,
Bistro des Halles,autre-site,D,51,40,64,,,Chartres,,https://www.le-bistro-des-halles-chartres.fr/,,4.7,225,61,100,100,73,4.3,0,3.4,65,non mesuré,non détecté,non,non,aucun,,
Le bon coin,eatbu,D,51,39,66,30 Place Jean Moulin,,Chartres,+33 6 74 05 60 39,https://creperie-auboncoin-chartres.eatbu.com/,,3.9,110,71,92,84,73,9.2,0.005,,65,non mesuré,non détecté,non,non,aucun,,
Pitaya,autre-site,D,50,41,62,7 Place Marceau,28000,Chartres,+33 2 57 54 74 43,https://restaurants.pitaya-thaistreetfood.com/chartres/,thai,4,433,42,85,81,88,16.511233691538365,0.305612,,65,non mesuré,non détecté,non,non,aucun,,
JBJ Sushi,autre-site,D,50,35,70,,,Chartres,,http://jbjsushi.com/,sushi,4.6,317,56,75,84,81,13.4,0,,65,non mesuré,non détecté,non,non,aucun,,
Chartres à bloc,autre-site,D,50,33,70,,,Chartres,+33 2 34 40 06 32,https://chartresabloc.fr,,4.6,156,68,100,94,100,6.5,0,,65,non mesuré,non détecté,non,non,aucun,,
L'Estocade,autre-site,D,50,32,72,1 Rue de la Porte Guillaume,,Chartres,+33 2 37 34 27 17,https://estocade-chartres.fr/,french,4.6,858,64,100,94,100,6.3165,0.16071100000000002,,65,non mesuré,non détecté,non,non,aucun,,
Pizze,eatbu,D,49,40,60,,,Chartres,,https://restaurantpizze.eatbu.com/,pizza,4,84,61,92,90,73,18.5,0,1.5,45,non mesuré,non détecté,non,non,aucun,,
Shogun Sushi,autre-site,D,49,38,62,Rue du Docteur Miche Gibert,28000,Chartres,,http://www.shogun-sushi.fr/,japanese,4.6,1087,65,91,82,81,9.6,0,,85,non mesuré,non détecté,non,non,aucun,,
Tomate & Piment,autre-site,D,49,37,63,Rue Georges Fessard,,Chartres,,http://www.tomate-et-piment.fr/?utm_source=gmb,,4.3,625,17,100,89,56,36.3,2.333,0.5,85,non mesuré,non détecté,non,non,aucun,,
Le Café Serpente,autre-site,D,49,37,63,,,Chartres,,https://www.cafeserpente.fr/,french,4.3,2248,36,92,89,77,18.5,0.01,,65,non mesuré,non détecté,non,non,aucun,,
Kim tea,autre-site,D,49,35,65,,,Chartres,,http://kimtea.fr/,,4.9,143,70,100,100,78,4.2,0.298,3.0,65,non mesuré,non détecté,non,non,aucun,,
Hanami,autre-site,D,49,33,68,,,Chartres,,http://www.hanamihandrolls.fr/,japanese,4.9,251,63,85,82,81,5.5,0.079,,65,non mesuré,non détecté,non,non,aucun,,
iT,autre-site,D,49,32,71,2 Place Marceau,28000,Chartres,+33237995210,https://restaurants.it-trattoria.fr/chartres-place-marceau/,italian,4.3,1376,54,85,85,100,13.3513280005893,0,,65,non mesuré,non détecté,non,non,aucun,,
La table de Julie,autre-site,D,49,28,75,,,Chartres,+33237325760,http://latabledejulie.com/,bistro,4.7,1118,63,100,78,81,6.7,0.045,,65,non mesuré,non détecté,non,non,aucun,,
Courte Paille,autre-site,D,49,44,55,,,Chartres,,https://restaurants.courtepaille.com/restaurant-courtepaille-chartres-id206,,4.1,2188,,,,,,,,65,non mesuré,non détecté,oui,oui,Confiance faible (données incomplètes) — à vérifier sur place.,,
Le Molière,autre-site,D,48,44,53,,,Chartres,,https://lemolierechartres.com/,,4.2,388,70,100,97,96,3.0,0,,45,non mesuré,non détecté,non,non,aucun,,
Sakura du Paradis,autre-site,D,48,42,55,,,Chartres,,http://sakuraduparadis.fr/,japanese,3.1,632,20,83,93,78,11.0,0.89,14.3,65,non mesuré,non détecté,non,non,Note Google basse : sujet sensible  ne pas aborder frontalement.,,
Le Smile,autre-site,D,48,32,67,1 Rue du Bourg,28000,Chartres,,https://www.lesmile28.fr/,,4.7,129,65,100,84,96,6.7,0.007,2.9,65,non mesuré,non détecté,non,non,aucun,,
Terra,autre-site,D,48,31,70,,,Chartres,,https://www.terrachartres.com/,italian,4.6,1230,56,100,80,96,10.1,0.016,,85,non mesuré,non détecté,non,non,aucun,,
Ellan Vannin,autre-site,D,47,39,57,,,Chartres,,http://www.pub-ellan-vannin.fr/,,4,384,56,92,90,74,29.6,0.129,,65,non mesuré,non détecté,non,non,aucun,,
Uzumaki,autre-site,D,47,36,60,,,Chartres,,https://uzumaki28.com/,sushi,4.3,163,58,75,96,100,17.2,0,,65,non mesuré,non détecté,non,non,aucun,,
Le Sully,autre-site,D,47,29,69,,,Chartres,,https://www.bistrotlesullychartres.com/,,4.5,318,56,100,79,96,13.4,0.022,3.2,65,non mesuré,non détecté,non,non,aucun,,
Kyotori,autre-site,D,47,28,70,13 Rue du Général Koenig,28000,Chartres,+33 2 37 21 69 56,https://kyotori28.com/fr/,sushi,4.6,993,69,75,78,92,7.0,0,,85,non mesuré,non détecté,non,non,aucun,,
Pizza 28,autre-site,D,47,26,72,,,Chartres,+33237302632,http://www.pizza-28.fr/,pizza,4.8,255,83,92,88,78,3.5,0,,65,non mesuré,non détecté,non,non,aucun,,
O Tire Bouchon,autre-site,D,47,34,62,12 Rue au Lait,28000,Chartres,,https://otirebouchon.fr/,Restaurant Lyonnais,4.6,616,92,45,69,88,1.2,0.18,,65,non mesuré,non détecté,non,non,aucun,,
Garage,autre-site,D,47,43,52,,,Chartres,,https://www.barlegaragechartres.fr/,burger,4,508,,,,,,,,65,non mesuré,non détecté,oui,oui,Confiance faible (données incomplètes) — à vérifier sur place.,,
L'Atelier Terroir,autre-site,D,46,43,50,,,Chartres,,http://www.atelier-terroir.fr/,,3.6,168,,,,,,,,45,non mesuré,non détecté,oui,oui,Confiance faible (données incomplètes) — à vérifier sur place.,,
Bar des Sports,autre-site,D,46,43,50,,,Chartres,,https://hotelducentre28.com/,,3.9,137,,,,,,,,35,non mesuré,non détecté,oui,oui,Confiance faible (données incomplètes) — à vérifier sur place.,,
Bar du Stade,autre-site,D,45,37,55,,,Chartres,,https://cafedugeneral.fr/fr,,3.8,684,40,100,100,100,13.7,0,,65,non mesuré,non détecté,non,non,aucun,,
Le Francis,autre-site,D,45,37,54,39 Rue des Pierres Missigault,28630,Barjouville,,http://www.restaurantlefrancis.fr/,,4.1,181,32,92,89,59,6.9,0.986,,65,non mesuré,non détecté,non,non,aucun,,
Don Camillo,eatbu,D,45,37,55,,,Chartres,,https://don-camillo-pizza-chartres.eatbu.com/,pizza,2.5,6,72,92,85,77,13.5,0.002,,35,non mesuré,non détecté,non,non,Note Google basse : sujet sensible  ne pas aborder frontalement.,,
La Chocolaterie,autre-site,D,44,38,51,,,Chartres,,http://www.lachocolaterie-chartres.fr/,coffee_shop,4.1,741,64,85,66,81,10.8,0,10.1,65,non mesuré,non détecté,non,non,aucun,,
Rive's,autre-site,D,44,33,56,,,Chartres,+33 2 37 25 18 00,https://www.odyssee-chartres.fr/restaurant/,,4,217,67,77,83,100,6.098,0,4.4,65,non mesuré,non détecté,non,non,aucun,,
La Passacaille,autre-site,D,44,31,59,,,Chartres,,http://www.lapassacaille.fr/,pizza,4.4,1879,72,92,85,78,3.3,0.107,16.4,85,non mesuré,non détecté,non,non,aucun,,
Pronto Pizza,autre-site,D,44,31,59,Rue du Général Georges Patton,28110,Lucé,,http://www.restaurant-presto.com/,pizza,4.5,251,73,92,95,78,5.4,0,,65,non mesuré,non détecté,non,non,aucun,,
Racines,autre-site,D,44,28,62,49 Rue des Changes,28000,Chartres,,https://www.bistrotracines.fr/,,4.6,1629,70,100,89,73,4.5,0.002,,65,non mesuré,non détecté,non,non,aucun,,
L'Annexe,autre-site,D,43,35,53,Rue du Soleil d'Or,,Chartres,,https://www.annexe-brasserie.fr/,burger french,4.2,1723,81,100,73,77,3.3,0.001,10.5,85,non mesuré,non détecté,non,non,aucun,,
Le Café du Général,autre-site,D,43,34,55,,,Chartres,,https://cafedugeneral.fr/fr,,3.8,684,47,100,100,100,13.4,0,,65,non mesuré,non détecté,non,non,aucun,,
Oro,autre-site,D,42,30,57,1 Rue des Orvilles,28630,Barjouville,+33 2 37 28 93 62,https://www.contedivenezia28.fr/,italian,3.8,428,62,92,85,96,9.152,0,,65,non mesuré,non détecté,non,non,aucun,,
Côté sushi,autre-site,D,41,28,56,,,Chartres,,https://restaurants.cotesushi.com/fr/restaurant-sushi/place-marceau-chartres/,japanese,4.3,914,60,100,96,96,7.6,0.0,,65,non mesuré,non détecté,non,non,aucun,,
Le Phare Saint-Louis,autre-site,D,41,27,59,,,Chartres,,https://www.laube-creperie.com/,breton,4.4,929,83,100,95,100,4.4,0.039,,65,non mesuré,non détecté,non,non,aucun,,
La Cathédrale,autre-site,D,41,25,61,,,Chartres,,https://lecathedrale-brasserie.fr/,,4.4,630,74,100,96,96,14.6,0.0,,65,non mesuré,non détecté,non,non,aucun,,
Le Marigny,autre-site,D,40,30,53,11 Place du Général de Gaulle,28000,Chartres,+33237210972,https://lemarignychartres.fr/,,4,248,63,92,88,92,18.4,0,,65,non mesuré,non détecté,non,non,aucun,,
La Voûte Romane,autre-site,D,38,26,54,,,Chartres,+33 2 37 36 64 23,https://www.roma-nostra.com/,italian,3.5,1097,65,100,75,96,22.0,0,,65,non mesuré,non détecté,non,non,aucun,,
Roma Nostra,autre-site,D,36,27,46,Place du Cygne,28000,Chartres,,https://www.roma-nostra.com/,pizza,3.5,1097,65,100,75,96,22.0,0,,65,non mesuré,non détecté,non,non,aucun,,
