id,nom,ville,cuisine,site_actuel,note_google,nb_avis,gmb_completude,lighthouse_mobile,age_site_ans,valeur_apportable,proba_acceptation,score_final,confidence,tier,bande_action,pourquoi_lui,statut,drapeau_rouge,date_scan,argument_qui_a_converti,raison_perte,cta_appel,cta_itineraire,cta_resa,menu_facile,photos_exploitables,instagram_actif,repond_avis,ecart_concurrentiel,angle_approche,commentaire_manuel
my-kitchen,My kitchen,Chartres,turkish,aucun,4.8,334,65,,,82,86,84,88,A,Priorité semaine,4.8/334 avis mais aucun site à lui,a_qualifier,aucun,2026-05-17,,,,,,,,,,,,
creperie-la-poele-percee,Crêperie La Poële Percée,Chartres,crepe,aucun,4.7,99,65,,,81,83,82,88,A,Priorité semaine,4.7/99 avis mais aucun site à lui,a_qualifier,aucun,2026-05-17,,,,,,,,,,,,
big-b,Big.B,Chartres,burger,aucun,4.5,420,65,,,80,80,80,88,A,Priorité semaine,4.5/420 avis mais aucun site à lui,a_qualifier,aucun,2026-05-17,,,,,,,,,,,,
l-ami-temps,L'Ami Temps,Chartres,,aucun,4.9,195,65,,,83,77,80,80,A,Priorité semaine,4.9/195 avis mais aucun site à lui,a_qualifier,aucun,2026-05-17,,,,,,,,,,,,
yog-eat,Yog & Eat,Chartres,,aucun,4.6,561,65,,,83,76,80,80,A,Priorité semaine,4.6/561 avis mais aucun site à lui,a_qualifier,aucun,2026-05-17,,,,,,,,,,,,
saint-michel,Saint Michel,Chartres,,aucun,5,162,65,,,83,77,80,80,A,Priorité semaine,5/162 avis mais aucun site à lui,a_qualifier,aucun,2026-05-17,,,,,,,,,,,,
aux-comptoirs,Aux Comptoirs,Chartres,seafood,aucun,4.6,228,45,,,83,75,79,80,A,Priorité semaine,4.6/228 avis mais aucun site à lui,a_qualifier,aucun,2026-05-17,,,,,,,,,,,,
cafe-marceau,Café Marceau,Chartres,,aucun,4.8,72,65,,,83,74,79,80,A,Priorité semaine,4.8/72 avis mais aucun site à lui,a_qualifier,aucun,2026-05-17,,,,,,,,,,,,
chez-tonton,Chez Tonton,Chartres,chicken sandwich,aucun,5,60,65,,,82,74,79,80,A,Priorité semaine,5/60 avis mais aucun site à lui,a_qualifier,aucun,2026-05-17,,,,,,,,,,,,
le-bardepoch,Le BarDePoch',Chartres,,agrégateur:facebook.com,4.7,412,65,,,81,76,79,80,A,Priorité semaine,4.7/412 avis mais juste une page facebook.com,a_qualifier,aucun,2026-05-17,,,,,,,,,,,,
le-comptoir-de-sarah,Le Comptoir De Sarah,Chartres,,agrégateur:facebook.com,4.7,414,65,,,81,76,79,80,A,Priorité mois,4.7/414 avis mais juste une page facebook.com,a_qualifier,aucun,2026-05-17,,,,,,,,,,,,
mesopotamie,Mésopotamie,Chartres,kebab,agrégateur:instagram.com,4.7,360,65,,,81,76,79,80,A,Priorité mois,4.7/360 avis mais juste une page instagram.com,a_qualifier,aucun,2026-05-17,,,,,,,,,,,,
l-academie-de-la-biere,L'Académie de la Bière,Chartres,,agrégateur:facebook.com,4.5,394,45,,,78,78,78,88,A,Priorité mois,4.5/394 avis mais juste une page facebook.com,a_qualifier,aucun,2026-05-17,,,,,,,,,,,,
chat-cafeine,Chat caféiné,Chartres,coffee_shop,aucun,4.9,50,65,,,82,73,78,80,A,Priorité mois,4.9/50 avis mais aucun site à lui,a_qualifier,aucun,2026-05-17,,,,,,,,,,,,
boba-choc,Boba Choc,Chartres,bubble_tea,agrégateur:deliveroo,4.8,162,65,,,80,75,78,80,A,Priorité mois,4.8/162 avis mais juste une page deliveroo,a_qualifier,aucun,2026-05-17,,,,,,,,,,,,
aux-delices-chez-jade,Aux Délices Chez Jade,Chartres,chinese,aucun,4.4,117,65,,,79,75,77,88,A,Priorité mois,4.4/117 avis mais aucun site à lui,a_qualifier,aucun,2026-05-17,,,,,,,,,,,,
le-saint-vincent,Le Saint-Vincent,Chartres,,aucun,4.6,54,15,,,82,71,77,80,A,Priorité mois,4.6/54 avis mais aucun site à lui,a_qualifier,aucun,2026-05-17,,,,,,,,,,,,
les-4t,Les 4T,Chartres,,agrégateur:privateaser,4.9,81,65,,,80,73,77,80,A,Priorité mois,4.9/81 avis mais juste une page privateaser,a_qualifier,aucun,2026-05-17,,,,,,,,,,,,
le-xv,Le XV,Chartres,,agrégateur:privateaser,4.9,81,65,,,80,73,77,80,A,Priorité mois,4.9/81 avis mais juste une page privateaser,a_qualifier,aucun,2026-05-17,,,,,,,,,,,,
lunch-bar,Lunch'Bar,Chartres,sandwich,agrégateur:privateaser,4.9,81,65,,,80,73,77,80,A,Priorité mois,4.9/81 avis mais juste une page privateaser,a_qualifier,aucun,2026-05-17,,,,,,,,,,,,
le-10,Le 10,Gellainville,,agrégateur:privateaser,4.9,81,65,,,80,73,77,80,A,Priorité mois,4.9/81 avis mais juste une page privateaser,a_qualifier,aucun,2026-05-17,,,,,,,,,,,,
18ctea,18CTea,Chartres,bubble_tea,agrégateur:instagram.com,4.7,78,65,,,80,73,77,80,A,Priorité mois,4.7/78 avis mais juste une page instagram.com,a_qualifier,aucun,2026-05-17,,,,,,,,,,,,
o-lac,O'LAC,Chartres,,aucun,4.4,336,65,,,82,70,76,80,A,Priorité mois,4.4/336 avis mais aucun site à lui,a_qualifier,aucun,2026-05-17,,,,,,,,,,,,
l-entre-potes,L'Entre-potes,Chartres,,aucun,4.9,10,35,,,81,69,76,80,A,Priorité mois,présence numérique en dessous de ce qu'on livre,a_qualifier,aucun,2026-05-17,,,,,,,,,,,,
nouvel-orient,Nouvel Orient,Chartres,asian,aucun,4.5,67,35,,,81,69,76,80,A,Priorité mois,4.5/67 avis mais aucun site à lui,a_qualifier,aucun,2026-05-17,,,,,,,,,,,,
l-epsilon,L'Epsilon,Chartres,,aucun,4.5,72,45,,,81,69,76,80,A,Réserve,4.5/72 avis mais aucun site à lui,a_qualifier,aucun,2026-05-17,,,,,,,,,,,,
bar-tabac-au-pacha,Bar Tabac au Pacha,Chartres,,aucun,4.5,96,35,,,81,70,76,80,A,Réserve,4.5/96 avis mais aucun site à lui,a_qualifier,aucun,2026-05-17,,,,,,,,,,,,
la-couscoussiere,La Couscoussière,Chartres,kebab,agrégateur:bento.me,4.6,150,65,,,80,72,76,80,A,Réserve,4.6/150 avis mais juste une page bento.me,a_qualifier,aucun,2026-05-17,,,,,,,,,,,,
lichette,Lichette,Chartres,french,agrégateur:instagram.com,4.7,75,65,,,80,72,76,80,A,Réserve,4.7/75 avis mais juste une page instagram.com,a_qualifier,aucun,2026-05-17,,,,,,,,,,,,
al-badea,Al-Badea,Chartres,,agrégateur:bento.me,4.6,150,65,,,80,72,76,80,A,Réserve,4.6/150 avis mais juste une page bento.me,a_qualifier,aucun,2026-05-17,,,,,,,,,,,,
bob-s-foodcourt,Bob's Foodcourt,Barjouville,,agrégateur:linktr.ee,4.5,1851,65,,,79,71,76,80,A,Réserve,4.5/1851 avis mais juste une page linktr.ee,a_qualifier,aucun,2026-05-17,,,,,,,,,,,,
le-maunoury,Le Maunoury,Chartres,,aucun,4.4,158,65,,,81,68,75,80,A,Réserve,4.4/158 avis mais aucun site à lui,a_qualifier,aucun,2026-05-17,,,,,,,,,,,,
villa-toscane,Villa Toscane,Chartres,italian,agrégateur:facebook.com,4.5,282,65,,,79,71,75,80,A,Réserve,4.5/282 avis mais juste une page facebook.com,a_qualifier,aucun,2026-05-17,,,,,,,,,,,,
french-chic,French & chic,Chartres,,agrégateur:instagram.com,4.5,184,65,,,79,69,75,80,A,Réserve,4.5/184 avis mais juste une page instagram.com,a_qualifier,aucun,2026-05-17,,,,,,,,,,,,
artipik,Artipik,Chartres,,aucun,4.3,255,45,,,81,67,74,80,B,Réserve,4.3/255 avis mais aucun site à lui,a_qualifier,aucun,2026-05-17,,,,,,,,,,,,
o-relais,O'Relais,Chartres,french,agrégateur:facebook.com,4.2,1288,65,,,76,70,73,88,B,Réserve,4.2/1288 avis mais juste une page facebook.com,a_qualifier,aucun,2026-05-17,,,,,,,,,,,,
le-papooze,Le Papooze,Chartres,,agrégateur:facebook.com,4.2,381,65,,,76,70,73,88,B,Réserve,4.2/381 avis mais juste une page facebook.com,a_qualifier,aucun,2026-05-17,,,,,,,,,,,,
festin-d-asie,Festin d'Asie,Chartres,chinese,aucun,4.2,2409,65,,,80,64,73,80,B,Réserve,4.2/2409 avis mais aucun site à lui,a_qualifier,aucun,2026-05-17,,,,,,,,,,,,
le-saloon,Le Saloon,Chartres,,aucun,5,1,35,,,80,64,73,80,B,Réserve,présence numérique en dessous de ce qu'on livre,a_qualifier,aucun,2026-05-17,,,,,,,,,,,,
brasserie-de-la-prefecture,Brasserie de la Préfecture,Chartres,coffee_shop,aucun,4.2,128,45,,,80,62,72,80,B,Réserve,4.2/128 avis mais aucun site à lui,a_qualifier,aucun,2026-05-17,,,,,,,,,,,,
le-comptoir-de-la-mairie,Le comptoir de la mairie,Chartres,,aucun,4.2,200,65,,,80,63,72,80,B,Réserve,4.2/200 avis mais aucun site à lui,a_qualifier,aucun,2026-05-17,,,,,,,,,,,,
la-table-du-marche,La Table Du Marché,Chartres,,aucun,4.1,615,65,,,80,62,72,80,B,Réserve,4.1/615 avis mais aucun site à lui,a_qualifier,aucun,2026-05-17,,,,,,,,,,,,
babylone,Babylone,Chartres,kebab,agrégateur:ubereats,4.3,667,65,,,78,65,72,80,B,Réserve,4.3/667 avis mais juste une page ubereats,a_qualifier,aucun,2026-05-17,,,,,,,,,,,,
pizza-berllardi,Pizza Berllardi,Chartres,pizza,aucun,4.2,65,65,,,79,60,71,80,B,Réserve,4.2/65 avis mais aucun site à lui,a_qualifier,aucun,2026-05-17,,,,,,,,,,,,
speed-rabbit-pizza,Speed Rabbit Pizza,Chartres,pizza,aucun,4.2,65,65,,,79,60,71,80,B,Réserve,4.2/65 avis mais aucun site à lui,a_qualifier,aucun,2026-05-17,,,,,,,,,,,,
l-erfood,L’Erfood,Chartres,sandwich,aucun,4.2,78,45,,,79,61,71,80,B,Réserve,4.2/78 avis mais aucun site à lui,a_qualifier,aucun,2026-05-17,,,,,,,,,,,,
o-pizza-dwich,O'Pizza Dwich,Chartres,pizzeria,agrégateur:ubereats,4.2,452,65,,,78,62,71,80,B,Réserve,4.2/452 avis mais juste une page ubereats,a_qualifier,aucun,2026-05-17,,,,,,,,,,,,
la-brochet-du-sud,La Brochet' du Sud,Chartres,french,https://cmdlv9.wixsite.com/labrochetdusud,4.7,338,45,86,4.4,59,84,70,95,B,Réserve,site sans appel à l'action clair (ni réservation  ni menu  ni tel visible),a_qualifier,aucun,2026-05-17,,,,,,,,,,,,
le-plaza-bar-live,Le Plaza Bar Live,Barjouville,,agrégateur:facebook.com,3.9,372,65,,,75,64,70,88,B,Réserve,3.9/372 avis mais juste une page facebook.com,a_qualifier,aucun,2026-05-17,,,,,,,,,,,,
kebab-express,Kebab Express,Chartres,kebab,aucun,4,227,65,,,79,58,70,80,B,Réserve,4/227 avis mais aucun site à lui,a_qualifier,aucun,2026-05-17,,,,,,,,,,,,
le-maryland,Le Maryland,Chartres,,agrégateur:facebook.com,4.2,222,65,,,77,62,70,80,B,Réserve,4.2/222 avis mais juste une page facebook.com,a_qualifier,aucun,2026-05-17,,,,,,,,,,,,
l-estaminet,L'Estaminet,Chartres,,aucun,3.9,218,45,,,79,58,69,80,B,Réserve,3.9/218 avis mais aucun site à lui,a_qualifier,aucun,2026-05-17,,,,,,,,,,,,
street-food,Street food,Chartres,,aucun,3.5,125,65,,,78,57,69,80,B,Réserve,3.5/125 avis mais aucun site à lui,a_qualifier,aucun,2026-05-17,,,,,,,,,,,,
wok-d-asie,Wok d'Asie,Barjouville,chinese,https://restaurantwokdasie.wixsite.com/wok-dasie,4.4,5371,65,41,0.5,62,76,68,95,B,Réserve,site lent (perf 41/100),a_qualifier,aucun,2026-05-17,,,,,,,,,,,,
le-khedive,Le Khedive,Chartres,,aucun,3.2,97,35,,,78,56,68,80,B,Réserve,3.2/97 avis mais aucun site à lui,a_qualifier,Note Google basse : sujet sensible  ne pas aborder frontalement.,2026-05-17,,,,,,,,,,,,
le-week-end,Le Week-End,Chartres,,aucun,3.7,122,65,,,78,56,68,80,B,Réserve,3.7/122 avis mais aucun site à lui,a_qualifier,aucun,2026-05-17,,,,,,,,,,,,
la-civette,La Civette,Chartres,,agrégateur:instagram.com,3.9,210,65,,,76,56,67,80,B,Réserve,3.9/210 avis mais juste une page instagram.com,a_qualifier,aucun,2026-05-17,,,,,,,,,,,,
le-jehan,Le Jehan,Chartres,,aucun,3.8,24,45,,,77,52,66,80,B,Réserve,présence numérique en dessous de ce qu'on livre,a_qualifier,aucun,2026-05-17,,,,,,,,,,,,
la-casa-tropical,La Casa Tropical,Chartres,,https://lacasatropical.eatbu.com/?lang=fr,4.4,422,85,42,,49,82,64,95,C,Réserve,4.4/422 avis mais site eatbu loué,a_qualifier,aucun,2026-05-17,,,,,,,,,,,,
brasserie-le-repere,Brasserie Le Repère,Barjouville,,https://le-repere-barjouville.eatbu.com/,4.7,91,65,60,,44,88,64,95,C,Réserve,4.7/91 avis mais site eatbu loué,a_qualifier,aucun,2026-05-17,,,,,,,,,,,,
dwichee-s,Dwichee's,Chartres,kebab,aucun,3,9,15,,,77,50,64,80,C,Réserve,présence numérique en dessous de ce qu'on livre,a_qualifier,Note Google basse : sujet sensible  ne pas aborder frontalement.,2026-05-17,,,,,,,,,,,,
le-georges,Le Georges,Chartres,,https://www.bw-grand-monarque.com/,4.8,290,65,29,,47,83,63,95,C,Réserve,site lent (perf 29/100),a_qualifier,aucun,2026-05-17,,,,,,,,,,,,
pizza-cosy,Pizza Cosy,Chartres,pizza,https://www.pizzacosy.fr/,4.8,914,65,42,9.6,46,84,63,95,C,Réserve,site lent (perf 42/100),a_qualifier,aucun,2026-05-17,,,,,,,,,,,,
jungle-cafe,Jungle Café,Chartres,,https://le-jungle-cafe.eatbu.com/,4.1,382,65,43,1.1,56,68,61,95,C,Réserve,4.1/382 avis mais site eatbu loué,a_qualifier,aucun,2026-05-17,,,,,,,,,,,,
saveurs-plaisirs,Saveurs & Plaisirs,Chartres,,http://les-plaisirs-tropikal.sumup.link/,4.9,39,65,57,,55,69,61,95,C,Réserve,site sans appel à l'action clair (ni réservation  ni menu  ni tel visible),a_qualifier,aucun,2026-05-17,,,,,,,,,,,,
unyc-brasserie,Unyc Brasserie,Barjouville,brasserie,https://www.unycbrasserie.com/,4.6,1809,65,49,3.2,46,79,61,95,C,Réserve,site lent (perf 49/100),a_qualifier,aucun,2026-05-17,,,,,,,,,,,,
cobalt,Cobalt,Chartres,,https://www.cobalt-chartres.com/,4.7,846,65,34,3.7,45,82,61,95,C,Réserve,site lent (perf 34/100),a_qualifier,aucun,2026-05-17,,,,,,,,,,,,
le-montescot,Le Montescot,Chartres,,https://cafe-montescot.grubkit.fr/,4.4,622,65,100,2.0,53,68,60,95,C,Réserve,site sans appel à l'action clair (ni réservation  ni menu  ni tel visible),a_qualifier,aucun,2026-05-17,,,,,,,,,,,,
aux-vieux-garcons,Aux Vieux Garçons,Chartres,,https://auxvieuxgarcons.fr/,4.6,532,65,50,4.5,51,71,60,95,C,Réserve,site lent (perf 50/100),a_qualifier,aucun,2026-05-17,,,,,,,,,,,,
le-chene-fleuri,Le Chêne Fleuri,Chartres,,http://www.lechenefleuri.net/,4.5,105,45,39,1.7,49,73,60,95,C,Réserve,site lent (perf 39/100),a_qualifier,aucun,2026-05-17,,,,,,,,,,,,
brasserie-la-cour,Brasserie La Cour,Chartres,,https://www.grand-monarque.com/fr/restaurants-bar/brasserie-la-cour.html,4.6,1823,65,28,,43,81,60,95,C,Réserve,site lent (perf 28/100),a_qualifier,aucun,2026-05-17,,,,,,,,,,,,
le-21,Le 21,Chartres,french,https://le-21.eatbu.com/?lang=fr,4.8,335,65,63,,42,82,60,95,C,Réserve,4.8/335 avis mais site eatbu loué,a_qualifier,aucun,2026-05-17,,,,,,,,,,,,
le-tres-superbe,Le Très Superbe,Chartres,tea,https://www.le-tres-superbe.fr/,4.8,233,65,52,,42,81,60,95,C,Réserve,site lent (perf 52/100),a_qualifier,aucun,2026-05-17,,,,,,,,,,,,
l-isola,L'isola,Chartres,pizza,https://l-isola-chartres.eatbu.com/,4.7,387,65,70,,40,84,60,95,C,Réserve,4.7/387 avis mais site eatbu loué,a_qualifier,aucun,2026-05-17,,,,,,,,,,,,
chai-laurent,Chai Laurent,Chartres,french,https://chailaurent.eatbu.com/,4.6,106,65,68,,39,86,60,95,C,Réserve,4.6/106 avis mais site eatbu loué,a_qualifier,aucun,2026-05-17,,,,,,,,,,,,
le-madrigal,Le Madrigal,Chartres,,https://www.grand-monarque.com/fr/restaurants-bar/bar-lounge-le-madrigal.html,4.5,468,65,23,,44,78,59,95,C,Réserve,site lent (perf 23/100),a_qualifier,aucun,2026-05-17,,,,,,,,,,,,
les-3-lys,Les 3 Lys,Chartres,crepe,http://www.creperie-chartres.fr/,4.4,803,85,,,56,63,59,62,C,Réserve,site sans appel à l'action clair (ni réservation  ni menu  ni tel visible),a_qualifier,aucun,2026-05-17,,,,,,,,,,,,
le-tripot,Le Tripot,Chartres,french,https://letripot.wixsite.com/chartres,4.7,540,85,72,9.1,44,76,58,95,C,Réserve,présence numérique en dessous de ce qu'on livre,a_qualifier,aucun,2026-05-17,,,,,,,,,,,,
cabanoniers-bar-a-petanques,Cabanoniers Bar à Pétanques,Chartres,,https://www.cabanoniers.fr/,4.8,208,65,57,,38,82,58,95,C,Réserve,présence numérique en dessous de ce qu'on livre,a_qualifier,aucun,2026-05-17,,,,,,,,,,,,
mon-paris-iv,Mon Paris IV !,Chartres,brasserie,https://mon-paris-iv-restaurant-chartres.fr/fr,4.6,327,65,,1.9,44,76,58,52,C,Réserve,présence numérique en dessous de ce qu'on livre,a_qualifier,aucun,2026-05-17,,,,,,,,,,,,
le-medieval,Le Medieval,Chartres,,http://restaurant-le-medieval.fr/,4.7,478,65,57,8.2,43,74,57,95,C,Réserve,présence numérique en dessous de ce qu'on livre,a_qualifier,aucun,2026-05-17,,,,,,,,,,,,
l-hotel,L'Hôtel,Chartres,,https://www.grand-monarque.com/fr/,4.4,874,45,16,,47,68,56,95,C,Réserve,site lent (perf 16/100),a_qualifier,aucun,2026-05-17,,,,,,,,,,,,
hotel-du-prefet,Hôtel du préfet,Chartres,,https://www.grand-monarque.com/fr/,4.4,874,45,20,4.5,47,68,56,95,C,Réserve,site lent (perf 20/100),a_qualifier,aucun,2026-05-17,,,,,,,,,,,,
l-amphitryon,L'Amphitryon,Chartres,,http://www.leboeufcouronne.com/,4.6,2216,85,30,,42,73,56,95,C,Réserve,site lent (perf 30/100),a_qualifier,aucun,2026-05-17,,,,,,,,,,,,
b-chef,B-Chef,Chartres,,https://bchef.fr/les-restaurants-bchef/bchef-chartres-place-du-cygne/,4.4,561,65,39,4.9,41,73,56,95,C,Réserve,site lent (perf 39/100),a_qualifier,aucun,2026-05-17,,,,,,,,,,,,
le-comptoir-de-mamie-bigoude,Le Comptoir de Mamie  Bigoude,Chartres,crepe,http://www.comptoirmamiebigoude.com/,4.4,725,65,57,6.8,47,66,55,95,C,Réserve,présence numérique en dessous de ce qu'on livre,a_qualifier,aucun,2026-05-17,,,,,,,,,,,,
le-shalimar,Le Shalimar,Chartres,indian,http://leshalimar-chartres.eatbu.com/,4.4,1035,85,58,0.2,45,67,55,95,C,Réserve,4.4/1035 avis mais site eatbu loué,a_qualifier,Site très récent (<6 mois) : vient d'investir. Ne pas visiter avant 12 mois.,2026-05-17,,,,,,,,,,,,
la-petite-venise,La Petite Venise,Chartres,,https://www.laguinguettedechartres.fr/,4.5,1397,65,52,10.2,43,70,55,95,C,Réserve,site lent (perf 52/100),a_qualifier,aucun,2026-05-17,,,,,,,,,,,,
brasserie-de-l-ouest,Brasserie de l'ouest,Chartres,,https://brasseriedelouest.wixsite.com/brasseriedelouest28,4.2,249,65,62,,40,73,55,95,C,Réserve,présence numérique en dessous de ce qu'on livre,a_qualifier,aucun,2026-05-17,,,,,,,,,,,,
le-rustic,Le Rustic,Chartres,,https://www.barlerustic.com/,4.5,284,65,53,2.0,42,68,54,95,D,Réserve,site lent (perf 53/100),a_qualifier,aucun,2026-05-17,,,,,,,,,,,,
dawat,Dawat,Chartres,indian,https://restaurantdawat.fr/,4.7,279,65,56,1.4,37,76,54,95,D,Réserve,présence numérique en dessous de ce qu'on livre,a_qualifier,aucun,2026-05-17,,,,,,,,,,,,
piperno,Piperno,Chartres,pizza,https://piperno.fr,4.2,538,65,59,5.2,41,68,53,95,D,Réserve,présence numérique en dessous de ce qu'on livre,a_qualifier,aucun,2026-05-17,,,,,,,,,,,,
les-feuillantines,Les Feuillantines,Chartres,french,http://restaurantlesfeuillantines.fr/,4.6,850,85,26,1.1,38,71,53,95,D,Réserve,site lent (perf 26/100),a_qualifier,aucun,2026-05-17,,,,,,,,,,,,
le-moulin-de-ponceau,Le Moulin de Ponceau,Chartres,,https://www.restaurant-moulin-ponceau.fr/,4.6,1210,85,57,,36,73,53,95,D,Réserve,présence numérique en dessous de ce qu'on livre,a_qualifier,aucun,2026-05-17,,,,,,,,,,,,
le-kiosque-a-pizzas,Le Kiosque à Pizzas,Champhol,pizza,https://www.le-kiosque-a-pizzas.com/commander-pizza/pizza-champhol-449-0.html,4.5,124,85,46,10.0,36,74,53,95,D,Réserve,site lent (perf 46/100),a_qualifier,aucun,2026-05-17,,,,,,,,,,,,
novotel-cafe,Novotel Café,Chartres,,https://restaurantsandbars.accor.com/fr/restaurant/0413_R001,3.5,40,65,30,2.7,51,55,53,72,D,Réserve,site lent (perf 30/100),a_qualifier,aucun,2026-05-17,,,,,,,,,,,,
king-wok,King Wok,Luisant,wok chinese,https://www.kingwok.fr/,3.8,247,45,56,,44,62,52,95,D,Réserve,présence numérique en dessous de ce qu'on livre,a_qualifier,aucun,2026-05-17,,,,,,,,,,,,
la-picoterie,La Picoterie,Chartres,crepe,http://www.picoterie.com/,4.3,1647,85,56,,43,61,52,95,D,Réserve,présence numérique en dessous de ce qu'on livre,a_qualifier,aucun,2026-05-17,,,,,,,,,,,,
anamour-kebab,Anamour kebab,Chartres,kebab,https://anamour-restaurant-luce.order.dish.co/contact,4.6,300,65,68,,43,62,52,95,D,Réserve,site sans appel à l'action clair (ni réservation  ni menu  ni tel visible),a_qualifier,aucun,2026-05-17,,,,,,,,,,,,
hot-chef,Hot Chef,Chartres,,https://bchef.fr/restaurants_bchef/bchef-chartres/burgers_chartres/?utm_source=google&utm_medium=organic&utm_campaign=mybusiness-website,4.4,561,65,44,,41,66,52,95,D,Réserve,site lent (perf 44/100),a_qualifier,aucun,2026-05-17,,,,,,,,,,,,
maleyssie,Maleyssie,Chartres,,https://www.maleyssie-chartres.fr/,4.3,306,65,49,1.4,41,65,52,95,D,Réserve,site lent (perf 49/100),a_qualifier,aucun,2026-05-17,,,,,,,,,,,,
cafe-bleu,Café Bleu,Chartres,french,http://www.cafebleu-chartres.com/,4.5,2197,85,52,,36,70,52,95,D,Réserve,site lent (perf 52/100),a_qualifier,aucun,2026-05-17,,,,,,,,,,,,
le-parvis,Le Parvis,Chartres,french,https://www.le-parvis-chartres.fr/,4.1,162,65,36,,48,54,51,95,D,Réserve,site lent (perf 36/100),a_qualifier,aucun,2026-05-17,,,,,,,,,,,,
bistro-des-halles,Bistro des Halles,Chartres,,https://www.le-bistro-des-halles-chartres.fr/,4.7,225,65,61,3.4,40,64,51,95,D,Réserve,présence numérique en dessous de ce qu'on livre,a_qualifier,aucun,2026-05-17,,,,,,,,,,,,
le-bon-coin,Le bon coin,Chartres,,https://creperie-auboncoin-chartres.eatbu.com/,3.9,110,65,71,,39,66,51,95,D,Réserve,3.9/110 avis mais site eatbu loué,a_qualifier,aucun,2026-05-17,,,,,,,,,,,,
pitaya,Pitaya,Chartres,thai,https://restaurants.pitaya-thaistreetfood.com/chartres/,4,433,65,42,,41,62,50,95,D,Réserve,site lent (perf 42/100),a_qualifier,aucun,2026-05-17,,,,,,,,,,,,
jbj-sushi,JBJ Sushi,Chartres,sushi,http://jbjsushi.com/,4.6,317,65,56,,35,70,50,95,D,Réserve,présence numérique en dessous de ce qu'on livre,a_qualifier,aucun,2026-05-17,,,,,,,,,,,,
chartres-a-bloc,Chartres à bloc,Chartres,,https://chartresabloc.fr,4.6,156,65,68,,33,70,50,95,D,Réserve,présence numérique en dessous de ce qu'on livre,a_qualifier,aucun,2026-05-17,,,,,,,,,,,,
l-estocade,L'Estocade,Chartres,french,https://estocade-chartres.fr/,4.6,858,65,64,,32,72,50,95,D,Réserve,présence numérique en dessous de ce qu'on livre,a_qualifier,aucun,2026-05-17,,,,,,,,,,,,
pizze,Pizze,Chartres,pizza,https://restaurantpizze.eatbu.com/,4,84,45,61,1.5,40,60,49,95,D,Réserve,4/84 avis mais site eatbu loué,a_qualifier,aucun,2026-05-17,,,,,,,,,,,,
shogun-sushi,Shogun Sushi,Chartres,japanese,http://www.shogun-sushi.fr/,4.6,1087,85,65,,38,62,49,95,D,Réserve,présence numérique en dessous de ce qu'on livre,a_qualifier,aucun,2026-05-17,,,,,,,,,,,,
tomate-piment,Tomate & Piment,Chartres,,http://www.tomate-et-piment.fr/?utm_source=gmb,4.3,625,85,17,0.5,37,63,49,95,D,Réserve,site lent (perf 17/100),a_qualifier,aucun,2026-05-17,,,,,,,,,,,,
le-cafe-serpente,Le Café Serpente,Chartres,french,https://www.cafeserpente.fr/,4.3,2248,65,36,,37,63,49,95,D,Réserve,site lent (perf 36/100),a_qualifier,aucun,2026-05-17,,,,,,,,,,,,
kim-tea,Kim tea,Chartres,,http://kimtea.fr/,4.9,143,65,70,3.0,35,65,49,95,D,Réserve,présence numérique en dessous de ce qu'on livre,a_qualifier,aucun,2026-05-17,,,,,,,,,,,,
hanami,Hanami,Chartres,japanese,http://www.hanamihandrolls.fr/,4.9,251,65,63,,33,68,49,95,D,Réserve,présence numérique en dessous de ce qu'on livre,a_qualifier,aucun,2026-05-17,,,,,,,,,,,,
it,iT,Chartres,italian,https://restaurants.it-trattoria.fr/chartres-place-marceau/,4.3,1376,65,54,,32,71,49,95,D,Réserve,présence numérique en dessous de ce qu'on livre,a_qualifier,aucun,2026-05-17,,,,,,,,,,,,
la-table-de-julie,La table de Julie,Chartres,bistro,http://latabledejulie.com/,4.7,1118,65,63,,28,75,49,95,D,Réserve,présence numérique en dessous de ce qu'on livre,a_qualifier,aucun,2026-05-17,,,,,,,,,,,,
courte-paille,Courte Paille,Chartres,,https://restaurants.courtepaille.com/restaurant-courtepaille-chartres-id206,4.1,2188,65,,,44,55,49,45,D,À surveiller (confiance faible),présence numérique en dessous de ce qu'on livre,a_qualifier,Confiance faible (données incomplètes) — à vérifier sur place.,2026-05-17,,,,,,,,,,,,
le-moliere,Le Molière,Chartres,,https://lemolierechartres.com/,4.2,388,45,70,,44,53,48,95,D,Réserve,site sans appel à l'action clair (ni réservation  ni menu  ni tel visible),a_qualifier,aucun,2026-05-17,,,,,,,,,,,,
sakura-du-paradis,Sakura du Paradis,Chartres,japanese,http://sakuraduparadis.fr/,3.1,632,65,20,14.3,42,55,48,95,D,Réserve,site lent (perf 20/100),a_qualifier,Note Google basse : sujet sensible  ne pas aborder frontalement.,2026-05-17,,,,,,,,,,,,
le-smile,Le Smile,Chartres,,https://www.lesmile28.fr/,4.7,129,65,65,2.9,32,67,48,95,D,Réserve,présence numérique en dessous de ce qu'on livre,a_qualifier,aucun,2026-05-17,,,,,,,,,,,,
terra,Terra,Chartres,italian,https://www.terrachartres.com/,4.6,1230,85,56,,31,70,48,95,D,Réserve,présence numérique en dessous de ce qu'on livre,a_qualifier,aucun,2026-05-17,,,,,,,,,,,,
ellan-vannin,Ellan Vannin,Chartres,,http://www.pub-ellan-vannin.fr/,4,384,65,56,,39,57,47,95,D,Réserve,présence numérique en dessous de ce qu'on livre,a_qualifier,aucun,2026-05-17,,,,,,,,,,,,
uzumaki,Uzumaki,Chartres,sushi,https://uzumaki28.com/,4.3,163,65,58,,36,60,47,95,D,Réserve,présence numérique en dessous de ce qu'on livre,a_qualifier,aucun,2026-05-17,,,,,,,,,,,,
le-sully,Le Sully,Chartres,,https://www.bistrotlesullychartres.com/,4.5,318,65,56,3.2,29,69,47,95,D,Réserve,présence numérique en dessous de ce qu'on livre,a_qualifier,aucun,2026-05-17,,,,,,,,,,,,
kyotori,Kyotori,Chartres,sushi,https://kyotori28.com/fr/,4.6,993,85,69,,28,70,47,95,D,Réserve,présence numérique en dessous de ce qu'on livre,a_qualifier,aucun,2026-05-17,,,,,,,,,,,,
pizza-28,Pizza 28,Chartres,pizza,http://www.pizza-28.fr/,4.8,255,65,83,,26,72,47,95,D,Réserve,présence numérique en dessous de ce qu'on livre,a_qualifier,aucun,2026-05-17,,,,,,,,,,,,
o-tire-bouchon,O Tire Bouchon,Chartres,Restaurant Lyonnais,https://otirebouchon.fr/,4.6,616,65,92,,34,62,47,65,D,Réserve,présence numérique en dessous de ce qu'on livre,a_qualifier,aucun,2026-05-17,,,,,,,,,,,,
garage,Garage,Chartres,burger,https://www.barlegaragechartres.fr/,4,508,65,,,43,52,47,45,D,À surveiller (confiance faible),présence numérique en dessous de ce qu'on livre,a_qualifier,Confiance faible (données incomplètes) — à vérifier sur place.,2026-05-17,,,,,,,,,,,,
l-atelier-terroir,L'Atelier Terroir,Chartres,,http://www.atelier-terroir.fr/,3.6,168,45,,,43,50,46,45,D,À surveiller (confiance faible),présence numérique en dessous de ce qu'on livre,a_qualifier,Confiance faible (données incomplètes) — à vérifier sur place.,2026-05-17,,,,,,,,,,,,
bar-des-sports,Bar des Sports,Chartres,,https://hotelducentre28.com/,3.9,137,35,,,43,50,46,45,D,À surveiller (confiance faible),présence numérique en dessous de ce qu'on livre,a_qualifier,Confiance faible (données incomplètes) — à vérifier sur place.,2026-05-17,,,,,,,,,,,,
bar-du-stade,Bar du Stade,Chartres,,https://cafedugeneral.fr/fr,3.8,684,65,40,,37,55,45,95,D,Réserve,site lent (perf 40/100),a_qualifier,aucun,2026-05-17,,,,,,,,,,,,
le-francis,Le Francis,Barjouville,,http://www.restaurantlefrancis.fr/,4.1,181,65,32,,37,54,45,95,D,Réserve,site lent (perf 32/100),a_qualifier,aucun,2026-05-17,,,,,,,,,,,,
don-camillo,Don Camillo,Chartres,pizza,https://don-camillo-pizza-chartres.eatbu.com/,2.5,6,35,72,,37,55,45,95,D,Réserve,présence numérique en dessous de ce qu'on livre,a_qualifier,Note Google basse : sujet sensible  ne pas aborder frontalement.,2026-05-17,,,,,,,,,,,,
la-chocolaterie,La Chocolaterie,Chartres,coffee_shop,http://www.lachocolaterie-chartres.fr/,4.1,741,65,64,10.1,38,51,44,95,D,Réserve,présence numérique en dessous de ce qu'on livre,a_qualifier,aucun,2026-05-17,,,,,,,,,,,,
rive-s,Rive's,Chartres,,https://www.odyssee-chartres.fr/restaurant/,4,217,65,67,4.4,33,56,44,95,D,Réserve,présence numérique en dessous de ce qu'on livre,a_qualifier,aucun,2026-05-17,,,,,,,,,,,,
la-passacaille,La Passacaille,Chartres,pizza,http://www.lapassacaille.fr/,4.4,1879,85,72,16.4,31,59,44,95,D,Réserve,présence numérique en dessous de ce qu'on livre,a_qualifier,aucun,2026-05-17,,,,,,,,,,,,
pronto-pizza,Pronto Pizza,Lucé,pizza,http://www.restaurant-presto.com/,4.5,251,65,73,,31,59,44,95,D,Réserve,présence numérique en dessous de ce qu'on livre,a_qualifier,aucun,2026-05-17,,,,,,,,,,,,
racines,Racines,Chartres,,https://www.bistrotracines.fr/,4.6,1629,65,70,,28,62,44,95,D,Réserve,présence numérique en dessous de ce qu'on livre,a_qualifier,aucun,2026-05-17,,,,,,,,,,,,
l-annexe,L'Annexe,Chartres,burger french,https://www.annexe-brasserie.fr/,4.2,1723,85,81,10.5,35,53,43,95,D,Réserve,présence numérique en dessous de ce qu'on livre,a_qualifier,aucun,2026-05-17,,,,,,,,,,,,
le-cafe-du-general,Le Café du Général,Chartres,,https://cafedugeneral.fr/fr,3.8,684,65,47,,34,55,43,95,D,Réserve,site lent (perf 47/100),a_qualifier,aucun,2026-05-17,,,,,,,,,,,,
oro,Oro,Barjouville,italian,https://www.contedivenezia28.fr/,3.8,428,65,62,,30,57,42,95,D,Réserve,présence numérique en dessous de ce qu'on livre,a_qualifier,aucun,2026-05-17,,,,,,,,,,,,
cote-sushi,Côté sushi,Chartres,japanese,https://restaurants.cotesushi.com/fr/restaurant-sushi/place-marceau-chartres/,4.3,914,65,60,,28,56,41,95,D,Réserve,présence numérique en dessous de ce qu'on livre,a_qualifier,aucun,2026-05-17,,,,,,,,,,,,
le-phare-saint-louis,Le Phare Saint-Louis,Chartres,breton,https://www.laube-creperie.com/,4.4,929,65,83,,27,59,41,95,D,Réserve,présence numérique en dessous de ce qu'on livre,a_qualifier,aucun,2026-05-17,,,,,,,,,,,,
la-cathedrale,La Cathédrale,Chartres,,https://lecathedrale-brasserie.fr/,4.4,630,65,74,,25,61,41,95,D,Réserve,présence numérique en dessous de ce qu'on livre,a_qualifier,aucun,2026-05-17,,,,,,,,,,,,
le-marigny,Le Marigny,Chartres,,https://lemarignychartres.fr/,4,248,65,63,,30,53,40,95,D,Réserve,présence numérique en dessous de ce qu'on livre,a_qualifier,aucun,2026-05-17,,,,,,,,,,,,
la-voute-romane,La Voûte Romane,Chartres,italian,https://www.roma-nostra.com/,3.5,1097,65,65,,26,54,38,95,D,Réserve,présence numérique en dessous de ce qu'on livre,a_qualifier,aucun,2026-05-17,,,,,,,,,,,,
roma-nostra,Roma Nostra,Chartres,pizza,https://www.roma-nostra.com/,3.5,1097,65,65,,27,46,36,95,D,Réserve,présence numérique en dessous de ce qu'on livre,a_qualifier,aucun,2026-05-17,,,,,,,,,,,,
